{
  "dataset_revision": "1.0",
  "task_name": "CovidQA",
  "mteb_version": "2.3.0",
  "scores": {
    "test": [
      {
        "ndcg_at_1": 0.61926,
        "ndcg_at_5": 0.76391,
        "ndcg_at_10": 0.7844,
        "ndcg_at_25": 0.7964,
        "ndcg_at_50": 0.79835,
        "map_at_1": 0.61926,
        "map_at_5": 0.72466,
        "map_at_10": 0.73335,
        "map_at_25": 0.73663,
        "map_at_50": 0.73693,
        "recall_at_1": 0.61926,
        "recall_at_5": 0.88029,
        "recall_at_10": 0.94239,
        "recall_at_25": 0.9901,
        "recall_at_50": 1.0,
        "accuracy": 0.61926,
        "precision_at_1": 0.61926,
        "precision_at_5": 0.17606,
        "precision_at_10": 0.09424,
        "precision_at_25": 0.0396,
        "precision_at_50": 0.02,
        "mrr_at_1": 0.619262,
        "mrr_at_5": 0.724662,
        "mrr_at_10": 0.73335,
        "mrr_at_25": 0.736625,
        "mrr_at_50": 0.73693,
        "nauc_ndcg_at_1_max": 0.210009,
        "nauc_ndcg_at_1_std": 0.053189,
        "nauc_ndcg_at_1_diff1": 0.594146,
        "nauc_ndcg_at_5_max": 0.195918,
        "nauc_ndcg_at_5_std": 0.109987,
        "nauc_ndcg_at_5_diff1": 0.546891,
        "nauc_ndcg_at_10_max": 0.206604,
        "nauc_ndcg_at_10_std": 0.113666,
        "nauc_ndcg_at_10_diff1": 0.545653,
        "nauc_ndcg_at_25_max": 0.199975,
        "nauc_ndcg_at_25_std": 0.098599,
        "nauc_ndcg_at_25_diff1": 0.555187,
        "nauc_ndcg_at_50_max": 0.205821,
        "nauc_ndcg_at_50_std": 0.098157,
        "nauc_ndcg_at_50_diff1": 0.559534,
        "nauc_map_at_1_max": 0.210009,
        "nauc_map_at_1_std": 0.053189,
        "nauc_map_at_1_diff1": 0.594146,
        "nauc_map_at_5_max": 0.204437,
        "nauc_map_at_5_std": 0.097366,
        "nauc_map_at_5_diff1": 0.56054,
        "nauc_map_at_10_max": 0.208803,
        "nauc_map_at_10_std": 0.098262,
        "nauc_map_at_10_diff1": 0.560661,
        "nauc_map_at_25_max": 0.207039,
        "nauc_map_at_25_std": 0.094302,
        "nauc_map_at_25_diff1": 0.563133,
        "nauc_map_at_50_max": 0.20774,
        "nauc_map_at_50_std": 0.094218,
        "nauc_map_at_50_diff1": 0.563684,
        "nauc_recall_at_1_max": 0.210009,
        "nauc_recall_at_1_std": 0.053189,
        "nauc_recall_at_1_diff1": 0.594146,
        "nauc_recall_at_5_max": 0.14346,
        "nauc_recall_at_5_std": 0.176662,
        "nauc_recall_at_5_diff1": 0.469752,
        "nauc_recall_at_10_max": 0.184949,
        "nauc_recall_at_10_std": 0.27885,
        "nauc_recall_at_10_diff1": 0.376976,
        "nauc_recall_at_25_max": -0.309938,
        "nauc_recall_at_25_std": 0.130203,
        "nauc_recall_at_25_diff1": 0.181904,
        "nauc_recall_at_50_max": NaN,
        "nauc_recall_at_50_std": NaN,
        "nauc_recall_at_50_diff1": NaN,
        "nauc_precision_at_1_max": 0.210009,
        "nauc_precision_at_1_std": 0.053189,
        "nauc_precision_at_1_diff1": 0.594146,
        "nauc_precision_at_5_max": 0.14346,
        "nauc_precision_at_5_std": 0.176662,
        "nauc_precision_at_5_diff1": 0.469752,
        "nauc_precision_at_10_max": 0.184949,
        "nauc_precision_at_10_std": 0.27885,
        "nauc_precision_at_10_diff1": 0.376976,
        "nauc_precision_at_25_max": -0.309938,
        "nauc_precision_at_25_std": 0.130203,
        "nauc_precision_at_25_diff1": 0.181904,
        "nauc_precision_at_50_max": 1.0,
        "nauc_precision_at_50_std": 1.0,
        "nauc_precision_at_50_diff1": 1.0,
        "nauc_mrr_at_1_max": 0.210009,
        "nauc_mrr_at_1_std": 0.053189,
        "nauc_mrr_at_1_diff1": 0.594146,
        "nauc_mrr_at_5_max": 0.204437,
        "nauc_mrr_at_5_std": 0.097366,
        "nauc_mrr_at_5_diff1": 0.56054,
        "nauc_mrr_at_10_max": 0.208803,
        "nauc_mrr_at_10_std": 0.098262,
        "nauc_mrr_at_10_diff1": 0.560661,
        "nauc_mrr_at_25_max": 0.207039,
        "nauc_mrr_at_25_std": 0.094302,
        "nauc_mrr_at_25_diff1": 0.563133,
        "nauc_mrr_at_50_max": 0.20774,
        "nauc_mrr_at_50_std": 0.094218,
        "nauc_mrr_at_50_diff1": 0.563684,
        "cv_recall_at_1": 0.61926,
        "cv_recall_at_5": 0.88029,
        "cv_recall_at_10": 0.94239,
        "cv_recall_at_25": 0.9901,
        "cv_recall_at_50": 1.0,
        "R_cap_at_1": 0.61926,
        "R_cap_at_5": 0.88029,
        "R_cap_at_10": 0.94239,
        "R_cap_at_25": 0.9901,
        "R_cap_at_50": 1.0,
        "main_score": 0.7844,
        "hf_subset": "Covid-QA",
        "languages": [
          "eng-Latn"
        ]
      }
    ]
  },
  "evaluation_time": 96.77565503120422,
  "kg_co2_emissions": null
}