{
  "dataset_revision": "1.0",
  "task_name": "DeepPlanning",
  "mteb_version": "2.3.0",
  "scores": {
    "test": [
      {
        "ndcg_at_1": 0.64,
        "ndcg_at_5": 0.45873,
        "ndcg_at_10": 0.50375,
        "ndcg_at_25": 0.57267,
        "ndcg_at_50": 0.61307,
        "map_at_1": 0.14867,
        "map_at_5": 0.31139,
        "map_at_10": 0.34495,
        "map_at_25": 0.37668,
        "map_at_50": 0.39082,
        "recall_at_1": 0.14867,
        "recall_at_5": 0.418,
        "recall_at_10": 0.51233,
        "recall_at_25": 0.695,
        "recall_at_50": 0.823,
        "accuracy": 0.14867,
        "precision_at_1": 0.64,
        "precision_at_5": 0.344,
        "precision_at_10": 0.218,
        "precision_at_25": 0.1168,
        "precision_at_50": 0.07,
        "mrr_at_1": 0.64,
        "mrr_at_5": 0.773333,
        "mrr_at_10": 0.776667,
        "mrr_at_25": 0.777619,
        "mrr_at_50": 0.777619,
        "nauc_ndcg_at_1_max": 0.607453,
        "nauc_ndcg_at_1_std": 0.413112,
        "nauc_ndcg_at_1_diff1": 0.596053,
        "nauc_ndcg_at_5_max": 0.52518,
        "nauc_ndcg_at_5_std": 0.530106,
        "nauc_ndcg_at_5_diff1": 0.30458,
        "nauc_ndcg_at_10_max": 0.559401,
        "nauc_ndcg_at_10_std": 0.559206,
        "nauc_ndcg_at_10_diff1": 0.351917,
        "nauc_ndcg_at_25_max": 0.5345,
        "nauc_ndcg_at_25_std": 0.471349,
        "nauc_ndcg_at_25_diff1": 0.351517,
        "nauc_ndcg_at_50_max": 0.557304,
        "nauc_ndcg_at_50_std": 0.513438,
        "nauc_ndcg_at_50_diff1": 0.305882,
        "nauc_map_at_1_max": 0.487004,
        "nauc_map_at_1_std": 0.30492,
        "nauc_map_at_1_diff1": 0.47482,
        "nauc_map_at_5_max": 0.494131,
        "nauc_map_at_5_std": 0.534373,
        "nauc_map_at_5_diff1": 0.222888,
        "nauc_map_at_10_max": 0.537013,
        "nauc_map_at_10_std": 0.548218,
        "nauc_map_at_10_diff1": 0.30077,
        "nauc_map_at_25_max": 0.529999,
        "nauc_map_at_25_std": 0.520457,
        "nauc_map_at_25_diff1": 0.289267,
        "nauc_map_at_50_max": 0.542267,
        "nauc_map_at_50_std": 0.541903,
        "nauc_map_at_50_diff1": 0.271958,
        "nauc_recall_at_1_max": 0.487004,
        "nauc_recall_at_1_std": 0.30492,
        "nauc_recall_at_1_diff1": 0.47482,
        "nauc_recall_at_5_max": 0.348692,
        "nauc_recall_at_5_std": 0.442246,
        "nauc_recall_at_5_diff1": 0.088587,
        "nauc_recall_at_10_max": 0.328759,
        "nauc_recall_at_10_std": 0.424182,
        "nauc_recall_at_10_diff1": 0.150693,
        "nauc_recall_at_25_max": 0.195112,
        "nauc_recall_at_25_std": 0.146498,
        "nauc_recall_at_25_diff1": 0.114229,
        "nauc_recall_at_50_max": 0.133237,
        "nauc_recall_at_50_std": 0.125247,
        "nauc_recall_at_50_diff1": -0.109944,
        "nauc_precision_at_1_max": 0.607453,
        "nauc_precision_at_1_std": 0.413112,
        "nauc_precision_at_1_diff1": 0.596053,
        "nauc_precision_at_5_max": 0.408576,
        "nauc_precision_at_5_std": 0.529293,
        "nauc_precision_at_5_diff1": 0.130178,
        "nauc_precision_at_10_max": 0.329649,
        "nauc_precision_at_10_std": 0.422267,
        "nauc_precision_at_10_diff1": 0.166974,
        "nauc_precision_at_25_max": 0.214251,
        "nauc_precision_at_25_std": 0.169671,
        "nauc_precision_at_25_diff1": 0.132112,
        "nauc_precision_at_50_max": 0.115557,
        "nauc_precision_at_50_std": 0.170864,
        "nauc_precision_at_50_diff1": -0.060369,
        "nauc_mrr_at_1_max": 0.607453,
        "nauc_mrr_at_1_std": 0.413112,
        "nauc_mrr_at_1_diff1": 0.596053,
        "nauc_mrr_at_5_max": 0.647179,
        "nauc_mrr_at_5_std": 0.484324,
        "nauc_mrr_at_5_diff1": 0.617656,
        "nauc_mrr_at_10_max": 0.640923,
        "nauc_mrr_at_10_std": 0.475181,
        "nauc_mrr_at_10_diff1": 0.610877,
        "nauc_mrr_at_25_max": 0.642363,
        "nauc_mrr_at_25_std": 0.476975,
        "nauc_mrr_at_25_diff1": 0.609561,
        "nauc_mrr_at_50_max": 0.642363,
        "nauc_mrr_at_50_std": 0.476975,
        "nauc_mrr_at_50_diff1": 0.609561,
        "cv_recall_at_1": 0.64,
        "cv_recall_at_5": 0.96,
        "cv_recall_at_10": 0.98,
        "cv_recall_at_25": 1.0,
        "cv_recall_at_50": 1.0,
        "R_cap_at_1": 0.64,
        "R_cap_at_5": 0.42467,
        "R_cap_at_10": 0.51233,
        "R_cap_at_25": 0.695,
        "R_cap_at_50": 0.823,
        "main_score": 0.50375,
        "hf_subset": "shopping_level1",
        "languages": [
          "eng-Latn"
        ]
      },
      {
        "ndcg_at_1": 0.72,
        "ndcg_at_5": 0.44772,
        "ndcg_at_10": 0.51405,
        "ndcg_at_25": 0.59475,
        "ndcg_at_50": 0.64278,
        "map_at_1": 0.162,
        "map_at_5": 0.28892,
        "map_at_10": 0.34124,
        "map_at_25": 0.38307,
        "map_at_50": 0.40079,
        "recall_at_1": 0.162,
        "recall_at_5": 0.36433,
        "recall_at_10": 0.51267,
        "recall_at_25": 0.714,
        "recall_at_50": 0.86433,
        "accuracy": 0.162,
        "precision_at_1": 0.72,
        "precision_at_5": 0.32,
        "precision_at_10": 0.232,
        "precision_at_25": 0.1304,
        "precision_at_50": 0.0788,
        "mrr_at_1": 0.72,
        "mrr_at_5": 0.84,
        "mrr_at_10": 0.84,
        "mrr_at_25": 0.84,
        "mrr_at_50": 0.84,
        "nauc_ndcg_at_1_max": 0.415636,
        "nauc_ndcg_at_1_std": 0.169147,
        "nauc_ndcg_at_1_diff1": 0.550862,
        "nauc_ndcg_at_5_max": 0.067512,
        "nauc_ndcg_at_5_std": 0.008748,
        "nauc_ndcg_at_5_diff1": 0.207162,
        "nauc_ndcg_at_10_max": 0.081387,
        "nauc_ndcg_at_10_std": 0.065101,
        "nauc_ndcg_at_10_diff1": 0.159098,
        "nauc_ndcg_at_25_max": 0.027968,
        "nauc_ndcg_at_25_std": -0.038316,
        "nauc_ndcg_at_25_diff1": 0.129376,
        "nauc_ndcg_at_50_max": 0.095592,
        "nauc_ndcg_at_50_std": -0.074376,
        "nauc_ndcg_at_50_diff1": 0.185583,
        "nauc_map_at_1_max": 0.304503,
        "nauc_map_at_1_std": 0.214035,
        "nauc_map_at_1_diff1": 0.42256,
        "nauc_map_at_5_max": 0.082901,
        "nauc_map_at_5_std": 0.040408,
        "nauc_map_at_5_diff1": 0.212926,
        "nauc_map_at_10_max": 0.100893,
        "nauc_map_at_10_std": 0.063291,
        "nauc_map_at_10_diff1": 0.165638,
        "nauc_map_at_25_max": 0.063763,
        "nauc_map_at_25_std": 0.004509,
        "nauc_map_at_25_diff1": 0.136083,
        "nauc_map_at_50_max": 0.073989,
        "nauc_map_at_50_std": -0.010748,
        "nauc_map_at_50_diff1": 0.144453,
        "nauc_recall_at_1_max": 0.304503,
        "nauc_recall_at_1_std": 0.214035,
        "nauc_recall_at_1_diff1": 0.42256,
        "nauc_recall_at_5_max": -0.147284,
        "nauc_recall_at_5_std": -0.023562,
        "nauc_recall_at_5_diff1": 0.017907,
        "nauc_recall_at_10_max": -0.125731,
        "nauc_recall_at_10_std": 0.013824,
        "nauc_recall_at_10_diff1": -0.102702,
        "nauc_recall_at_25_max": -0.242328,
        "nauc_recall_at_25_std": -0.202649,
        "nauc_recall_at_25_diff1": -0.139703,
        "nauc_recall_at_50_max": -0.105772,
        "nauc_recall_at_50_std": -0.331832,
        "nauc_recall_at_50_diff1": -0.076368,
        "nauc_precision_at_1_max": 0.415636,
        "nauc_precision_at_1_std": 0.169147,
        "nauc_precision_at_1_diff1": 0.550862,
        "nauc_precision_at_5_max": -0.117739,
        "nauc_precision_at_5_std": -0.248071,
        "nauc_precision_at_5_diff1": 0.004982,
        "nauc_precision_at_10_max": -0.053063,
        "nauc_precision_at_10_std": -0.122418,
        "nauc_precision_at_10_diff1": -0.110321,
        "nauc_precision_at_25_max": -0.090768,
        "nauc_precision_at_25_std": -0.262618,
        "nauc_precision_at_25_diff1": -0.146419,
        "nauc_precision_at_50_max": -0.034065,
        "nauc_precision_at_50_std": -0.351155,
        "nauc_precision_at_50_diff1": -0.12344,
        "nauc_mrr_at_1_max": 0.415636,
        "nauc_mrr_at_1_std": 0.169147,