{
  "dataset_revision": "1.0",
  "task_name": "ESGReports",
  "mteb_version": "2.3.0",
  "scores": {
    "test": [
      {
        "ndcg_at_1": 0.36111,
        "ndcg_at_5": 0.40767,
        "ndcg_at_10": 0.49111,
        "ndcg_at_25": 0.54361,
        "ndcg_at_50": 0.5711,
        "map_at_1": 0.29259,
        "map_at_5": 0.35705,
        "map_at_10": 0.40288,
        "map_at_25": 0.42251,
        "map_at_50": 0.4287,
        "recall_at_1": 0.29259,
        "recall_at_5": 0.44583,
        "recall_at_10": 0.6588,
        "recall_at_25": 0.84028,
        "recall_at_50": 0.9537,
        "accuracy": 0.29259,
        "precision_at_1": 0.36111,
        "precision_at_5": 0.14444,
        "precision_at_10": 0.12222,
        "precision_at_25": 0.06444,
        "precision_at_50": 0.03778,
        "mrr_at_1": 0.361111,
        "mrr_at_5": 0.459259,
        "mrr_at_10": 0.476918,
        "mrr_at_25": 0.482394,
        "mrr_at_50": 0.484792,
        "nauc_ndcg_at_1_max": -0.003133,
        "nauc_ndcg_at_1_std": -0.003889,
        "nauc_ndcg_at_1_diff1": 0.173801,
        "nauc_ndcg_at_5_max": 0.005896,
        "nauc_ndcg_at_5_std": -0.114188,
        "nauc_ndcg_at_5_diff1": 0.281314,
        "nauc_ndcg_at_10_max": 0.118394,
        "nauc_ndcg_at_10_std": -0.061143,
        "nauc_ndcg_at_10_diff1": 0.360043,
        "nauc_ndcg_at_25_max": 0.107721,
        "nauc_ndcg_at_25_std": -0.044121,
        "nauc_ndcg_at_25_diff1": 0.385867,
        "nauc_ndcg_at_50_max": 0.086737,
        "nauc_ndcg_at_50_std": -0.037911,
        "nauc_ndcg_at_50_diff1": 0.356508,
        "nauc_map_at_1_max": -0.042725,
        "nauc_map_at_1_std": -0.141878,
        "nauc_map_at_1_diff1": 0.226491,
        "nauc_map_at_5_max": -0.00512,
        "nauc_map_at_5_std": -0.130149,
        "nauc_map_at_5_diff1": 0.2844,
        "nauc_map_at_10_max": 0.053654,
        "nauc_map_at_10_std": -0.085281,
        "nauc_map_at_10_diff1": 0.321677,
        "nauc_map_at_25_max": 0.044842,
        "nauc_map_at_25_std": -0.084527,
        "nauc_map_at_25_diff1": 0.333126,
        "nauc_map_at_50_max": 0.045496,
        "nauc_map_at_50_std": -0.08193,
        "nauc_map_at_50_diff1": 0.331215,
        "nauc_recall_at_1_max": -0.042725,
        "nauc_recall_at_1_std": -0.141878,
        "nauc_recall_at_1_diff1": 0.226491,
        "nauc_recall_at_5_max": -0.005196,
        "nauc_recall_at_5_std": -0.155015,
        "nauc_recall_at_5_diff1": 0.29193,
        "nauc_recall_at_10_max": 0.329083,
        "nauc_recall_at_10_std": -0.057262,
        "nauc_recall_at_10_diff1": 0.490878,
        "nauc_recall_at_25_max": 0.454209,
        "nauc_recall_at_25_std": 0.095078,
        "nauc_recall_at_25_diff1": 0.729627,
        "nauc_recall_at_50_max": 0.745465,
        "nauc_recall_at_50_std": 0.750811,
        "nauc_recall_at_50_diff1": 0.824877,
        "nauc_precision_at_1_max": -0.003133,
        "nauc_precision_at_1_std": -0.003889,
        "nauc_precision_at_1_diff1": 0.173801,
        "nauc_precision_at_5_max": 0.168324,
        "nauc_precision_at_5_std": 0.110251,
        "nauc_precision_at_5_diff1": 0.28779,
        "nauc_precision_at_10_max": 0.290907,
        "nauc_precision_at_10_std": 0.238663,
        "nauc_precision_at_10_diff1": 0.326125,
        "nauc_precision_at_25_max": 0.213697,
        "nauc_precision_at_25_std": 0.218087,
        "nauc_precision_at_25_diff1": 0.297003,
        "nauc_precision_at_50_max": 0.121492,
        "nauc_precision_at_50_std": 0.180944,
        "nauc_precision_at_50_diff1": 0.138126,
        "nauc_mrr_at_1_max": -0.003133,
        "nauc_mrr_at_1_std": -0.003889,
        "nauc_mrr_at_1_diff1": 0.173801,
        "nauc_mrr_at_5_max": 0.027338,
        "nauc_mrr_at_5_std": -0.034001,
        "nauc_mrr_at_5_diff1": 0.237299,
        "nauc_mrr_at_10_max": 0.060217,
        "nauc_mrr_at_10_std": -0.027012,
        "nauc_mrr_at_10_diff1": 0.258403,
        "nauc_mrr_at_25_max": 0.057201,
        "nauc_mrr_at_25_std": -0.026154,
        "nauc_mrr_at_25_diff1": 0.257633,
        "nauc_mrr_at_50_max": 0.052684,
        "nauc_mrr_at_50_std": -0.026706,
        "nauc_mrr_at_50_diff1": 0.252705,
        "cv_recall_at_1": 0.36111,
        "cv_recall_at_5": 0.63889,
        "cv_recall_at_10": 0.77778,
        "cv_recall_at_25": 0.88889,
        "cv_recall_at_50": 0.97222,
        "R_cap_at_1": 0.36111,
        "R_cap_at_5": 0.44676,
        "R_cap_at_10": 0.6588,
        "R_cap_at_25": 0.84028,
        "R_cap_at_50": 0.9537,
        "main_score": 0.49111,
        "hf_subset": "ESG-Reports",
        "languages": [
          "eng-Latn"
        ]
      }
    ]
  },
  "evaluation_time": 99.79210615158081,
  "kg_co2_emissions": null
}