{
  "dataset_revision": "1.0",
  "task_name": "Gorilla",
  "mteb_version": "2.3.0",
  "scores": {
    "test": [
      {
        "ndcg_at_1": 0.212,
        "ndcg_at_5": 0.33069,
        "ndcg_at_10": 0.36866,
        "ndcg_at_25": 0.4226,
        "ndcg_at_50": 0.44352,
        "map_at_1": 0.212,
        "map_at_5": 0.2963,
        "map_at_10": 0.31187,
        "map_at_25": 0.3259,
        "map_at_50": 0.32903,
        "recall_at_1": 0.212,
        "recall_at_5": 0.434,
        "recall_at_10": 0.552,
        "recall_at_25": 0.772,
        "recall_at_50": 0.88,
        "accuracy": 0.212,
        "precision_at_1": 0.212,
        "precision_at_5": 0.0868,
        "precision_at_10": 0.0552,
        "precision_at_25": 0.03088,
        "precision_at_50": 0.0176,
        "mrr_at_1": 0.212,
        "mrr_at_5": 0.2963,
        "mrr_at_10": 0.311875,
        "mrr_at_25": 0.3259,
        "mrr_at_50": 0.329028,
        "nauc_ndcg_at_1_max": 0.079756,
        "nauc_ndcg_at_1_std": -0.167955,
        "nauc_ndcg_at_1_diff1": 0.433455,
        "nauc_ndcg_at_5_max": 0.121988,
        "nauc_ndcg_at_5_std": -0.148349,
        "nauc_ndcg_at_5_diff1": 0.362566,
        "nauc_ndcg_at_10_max": 0.129227,
        "nauc_ndcg_at_10_std": -0.148858,
        "nauc_ndcg_at_10_diff1": 0.348189,
        "nauc_ndcg_at_25_max": 0.151923,
        "nauc_ndcg_at_25_std": -0.122685,
        "nauc_ndcg_at_25_diff1": 0.327198,
        "nauc_ndcg_at_50_max": 0.155502,
        "nauc_ndcg_at_50_std": -0.122527,
        "nauc_ndcg_at_50_diff1": 0.34163,
        "nauc_map_at_1_max": 0.079756,
        "nauc_map_at_1_std": -0.167955,
        "nauc_map_at_1_diff1": 0.433455,
        "nauc_map_at_5_max": 0.109397,
        "nauc_map_at_5_std": -0.15494,
        "nauc_map_at_5_diff1": 0.380239,
        "nauc_map_at_10_max": 0.113078,
        "nauc_map_at_10_std": -0.155099,
        "nauc_map_at_10_diff1": 0.374741,
        "nauc_map_at_25_max": 0.118545,
        "nauc_map_at_25_std": -0.148408,
        "nauc_map_at_25_diff1": 0.369243,
        "nauc_map_at_50_max": 0.118672,
        "nauc_map_at_50_std": -0.148623,
        "nauc_map_at_50_diff1": 0.371387,
        "nauc_recall_at_1_max": 0.079756,
        "nauc_recall_at_1_std": -0.167955,
        "nauc_recall_at_1_diff1": 0.433455,
        "nauc_recall_at_5_max": 0.157321,
        "nauc_recall_at_5_std": -0.128849,
        "nauc_recall_at_5_diff1": 0.314813,
        "nauc_recall_at_10_max": 0.178161,
        "nauc_recall_at_10_std": -0.129431,
        "nauc_recall_at_10_diff1": 0.265671,
        "nauc_recall_at_25_max": 0.335931,
        "nauc_recall_at_25_std": 0.029059,
        "nauc_recall_at_25_diff1": 0.105955,
        "nauc_recall_at_50_max": 0.523433,
        "nauc_recall_at_50_std": 0.14825,
        "nauc_recall_at_50_diff1": 0.117563,
        "nauc_precision_at_1_max": 0.079756,
        "nauc_precision_at_1_std": -0.167955,
        "nauc_precision_at_1_diff1": 0.433455,
        "nauc_precision_at_5_max": 0.157321,
        "nauc_precision_at_5_std": -0.128849,
        "nauc_precision_at_5_diff1": 0.314813,
        "nauc_precision_at_10_max": 0.178161,
        "nauc_precision_at_10_std": -0.129431,
        "nauc_precision_at_10_diff1": 0.265671,
        "nauc_precision_at_25_max": 0.335931,
        "nauc_precision_at_25_std": 0.029059,
        "nauc_precision_at_25_diff1": 0.105955,
        "nauc_precision_at_50_max": 0.523433,
        "nauc_precision_at_50_std": 0.14825,
        "nauc_precision_at_50_diff1": 0.117563,
        "nauc_mrr_at_1_max": 0.079756,
        "nauc_mrr_at_1_std": -0.167955,
        "nauc_mrr_at_1_diff1": 0.433455,
        "nauc_mrr_at_5_max": 0.109397,
        "nauc_mrr_at_5_std": -0.15494,
        "nauc_mrr_at_5_diff1": 0.380239,
        "nauc_mrr_at_10_max": 0.113078,
        "nauc_mrr_at_10_std": -0.155099,
        "nauc_mrr_at_10_diff1": 0.374741,
        "nauc_mrr_at_25_max": 0.118545,
        "nauc_mrr_at_25_std": -0.148408,
        "nauc_mrr_at_25_diff1": 0.369243,
        "nauc_mrr_at_50_max": 0.118672,
        "nauc_mrr_at_50_std": -0.148623,
        "nauc_mrr_at_50_diff1": 0.371387,
        "cv_recall_at_1": 0.212,
        "cv_recall_at_5": 0.434,
        "cv_recall_at_10": 0.552,
        "cv_recall_at_25": 0.772,
        "cv_recall_at_50": 0.88,
        "R_cap_at_1": 0.212,
        "R_cap_at_5": 0.434,
        "R_cap_at_10": 0.552,
        "R_cap_at_25": 0.772,
        "R_cap_at_50": 0.88,
        "main_score": 0.36866,
        "hf_subset": "gorilla_huggingface",
        "languages": [
          "eng-Latn"
        ]
      },
      {
        "ndcg_at_1": 0.13953,
        "ndcg_at_5": 0.23451,
        "ndcg_at_10": 0.29208,
        "ndcg_at_25": 0.3724,
        "ndcg_at_50": 0.40042,
        "map_at_1": 0.13953,
        "map_at_5": 0.19767,
        "map_at_10": 0.21989,
        "map_at_25": 0.24093,
        "map_at_50": 0.24551,
        "recall_at_1": 0.13953,
        "recall_at_5": 0.34884,
        "recall_at_10": 0.53488,
        "recall_at_25": 0.86047,
        "recall_at_50": 1.0,
        "accuracy": 0.13953,
        "precision_at_1": 0.13953,
        "precision_at_5": 0.06977,
        "precision_at_10": 0.05349,
        "precision_at_25": 0.03442,
        "precision_at_50": 0.02,
        "mrr_at_1": 0.139535,
        "mrr_at_5": 0.197674,
        "mrr_at_10": 0.219887,
        "mrr_at_25": 0.240928,
        "mrr_at_50": 0.245513,
        "nauc_ndcg_at_1_max": 0.206395,
        "nauc_ndcg_at_1_std": -0.244632,
        "nauc_ndcg_at_1_diff1": 1.0,
        "nauc_ndcg_at_5_max": 0.138639,
        "nauc_ndcg_at_5_std": -0.140733,
        "nauc_ndcg_at_5_diff1": 0.737731,
        "nauc_ndcg_at_10_max": 0.203154,
        "nauc_ndcg_at_10_std": -0.134828,
        "nauc_ndcg_at_10_diff1": 0.647212,
        "nauc_ndcg_at_25_max": 0.174167,
        "nauc_ndcg_at_25_std": -0.155011,
        "nauc_ndcg_at_25_diff1": 0.645581,
        "nauc_ndcg_at_50_max": 0.170054,
        "nauc_ndcg_at_50_std": -0.184503,
        "nauc_ndcg_at_50_diff1": 0.754838,
        "nauc_map_at_1_max": 0.206395,
        "nauc_map_at_1_std": -0.244632,
        "nauc_map_at_1_diff1": 1.0,
        "nauc_map_at_5_max": 0.156689,
        "nauc_map_at_5_std": -0.181774,
        "nauc_map_at_5_diff1": 0.816491,
        "nauc_map_at_10_max": 0.180427,
        "nauc_map_at_10_std": -0.181866,
        "nauc_map_at_10_diff1": 0.777806,
        "nauc_map_at_25_max": 0.171419,
        "nauc_map_at_25_std": -0.191182,
        "nauc_map_at_25_diff1": 0.782146,
        "nauc_map_at_50_max": 0.171065,
        "nauc_map_at_50_std": -0.196534,
        "nauc_map_at_50_diff1": 0.79993,
        "nauc_recall_at_1_max": 0.206395,
        "nauc_recall_at_1_std": -0.244632,
        "nauc_recall_at_1_diff1": 1.0,
        "nauc_recall_at_5_max": 0.099923,
        "nauc_recall_at_5_std": -0.045246,
        "nauc_recall_at_5_diff1": 0.563842,
        "nauc_recall_at_10_max": 0.281988,
        "nauc_recall_at_10_std": -0.015079,
        "nauc_recall_at_10_diff1": 0.320221,
        "nauc_recall_at_25_max": 0.210321,
        "nauc_recall_at_25_std": 0.052189,
        "nauc_recall_at_25_diff1": -0.166417,
        "nauc_recall_at_50_max": NaN,
        "nauc_recall_at_50_std": NaN,
        "nauc_recall_at_50_diff1": NaN,
        "nauc_precision_at_1_max": 0.206395,
        "nauc_precision_at_1_std": -0.244632,
        "nauc_precision_at_1_diff1": 1.0,
        "nauc_precision_at_5_max": 0.099923,
        "nauc_precision_at_5_std": -0.045246,
        "nauc_precision_at_5_diff1": 0.563842,
        "nauc_precision_at_10_max": 0.281988,
        "nauc_precision_at_10_std": -0.015079,
        "nauc_precision_at_10_diff1": 0.320221,
        "nauc_precision_at_25_max": 0.210321,
        "nauc_precision_at_25_std": 0.052189,
        "nauc_precision_at_25_diff1": -0.166417,
        "nauc_precision_at_50_max": 1.0,
        "nauc_precision_at_50_std": 1.0,
        "nauc_precision_at_50_diff1": 1.0,
        "nauc_mrr_at_1_max": 0.206395,
        "nauc_mrr_at_1_std": -0.244632,