{
  "dataset_revision": "1.0",
  "task_name": "LMEB_SciFact",
  "mteb_version": "2.3.0",
  "scores": {
    "test": [
      {
        "ndcg_at_1": 0.69149,
        "ndcg_at_5": 0.77896,
        "ndcg_at_10": 0.82179,
        "ndcg_at_25": 0.82957,
        "ndcg_at_50": 0.83218,
        "map_at_1": 0.48853,
        "map_at_5": 0.70928,
        "map_at_10": 0.74428,
        "map_at_25": 0.74911,
        "map_at_50": 0.75004,
        "recall_at_1": 0.48853,
        "recall_at_5": 0.85919,
        "recall_at_10": 0.96736,
        "recall_at_25": 0.98971,
        "recall_at_50": 1.0,
        "accuracy": 0.48853,
        "precision_at_1": 0.69149,
        "precision_at_5": 0.30745,
        "precision_at_10": 0.18298,
        "precision_at_25": 0.0766,
        "precision_at_50": 0.03894,
        "mrr_at_1": 0.691489,
        "mrr_at_5": 0.797252,
        "mrr_at_10": 0.802406,
        "mrr_at_25": 0.802815,
        "mrr_at_50": 0.802967,
        "nauc_ndcg_at_1_max": 0.093105,
        "nauc_ndcg_at_1_std": -0.115566,
        "nauc_ndcg_at_1_diff1": 0.483295,
        "nauc_ndcg_at_5_max": 0.073483,
        "nauc_ndcg_at_5_std": -0.193612,
        "nauc_ndcg_at_5_diff1": 0.489041,
        "nauc_ndcg_at_10_max": 0.119243,
        "nauc_ndcg_at_10_std": -0.165433,
        "nauc_ndcg_at_10_diff1": 0.497271,
        "nauc_ndcg_at_25_max": 0.127313,
        "nauc_ndcg_at_25_std": -0.140945,
        "nauc_ndcg_at_25_diff1": 0.49471,
        "nauc_ndcg_at_50_max": 0.117722,
        "nauc_ndcg_at_50_std": -0.147018,
        "nauc_ndcg_at_50_diff1": 0.49258,
        "nauc_map_at_1_max": -0.022875,
        "nauc_map_at_1_std": -0.051028,
        "nauc_map_at_1_diff1": 0.474903,
        "nauc_map_at_5_max": 0.051852,
        "nauc_map_at_5_std": -0.185572,
        "nauc_map_at_5_diff1": 0.485737,
        "nauc_map_at_10_max": 0.081664,
        "nauc_map_at_10_std": -0.163882,
        "nauc_map_at_10_diff1": 0.490361,
        "nauc_map_at_25_max": 0.087874,
        "nauc_map_at_25_std": -0.152409,
        "nauc_map_at_25_diff1": 0.49106,
        "nauc_map_at_50_max": 0.086352,
        "nauc_map_at_50_std": -0.151744,
        "nauc_map_at_50_diff1": 0.490365,
        "nauc_recall_at_1_max": -0.022875,
        "nauc_recall_at_1_std": -0.051028,
        "nauc_recall_at_1_diff1": 0.474903,
        "nauc_recall_at_5_max": -0.01712,
        "nauc_recall_at_5_std": -0.306309,
        "nauc_recall_at_5_diff1": 0.417804,
        "nauc_recall_at_10_max": 0.301905,
        "nauc_recall_at_10_std": -0.198272,
        "nauc_recall_at_10_diff1": 0.464626,
        "nauc_recall_at_25_max": 0.736206,
        "nauc_recall_at_25_std": 0.453274,
        "nauc_recall_at_25_diff1": 0.461492,
        "nauc_recall_at_50_max": NaN,
        "nauc_recall_at_50_std": NaN,
        "nauc_recall_at_50_diff1": NaN,
        "nauc_precision_at_1_max": 0.093105,
        "nauc_precision_at_1_std": -0.115566,
        "nauc_precision_at_1_diff1": 0.483295,
        "nauc_precision_at_5_max": 0.152149,
        "nauc_precision_at_5_std": -0.101518,
        "nauc_precision_at_5_diff1": -0.105989,
        "nauc_precision_at_10_max": 0.169767,
        "nauc_precision_at_10_std": 0.007747,
        "nauc_precision_at_10_diff1": -0.179328,
        "nauc_precision_at_25_max": 0.165304,
        "nauc_precision_at_25_std": 0.066414,
        "nauc_precision_at_25_diff1": -0.19512,
        "nauc_precision_at_50_max": 0.151146,
        "nauc_precision_at_50_std": 0.074409,
        "nauc_precision_at_50_diff1": -0.20598,
        "nauc_mrr_at_1_max": 0.093105,
        "nauc_mrr_at_1_std": -0.115566,
        "nauc_mrr_at_1_diff1": 0.483295,
        "nauc_mrr_at_5_max": 0.128004,
        "nauc_mrr_at_5_std": -0.156887,
        "nauc_mrr_at_5_diff1": 0.498479,
        "nauc_mrr_at_10_max": 0.124107,
        "nauc_mrr_at_10_std": -0.145179,
        "nauc_mrr_at_10_diff1": 0.494949,
        "nauc_mrr_at_25_max": 0.122041,
        "nauc_mrr_at_25_std": -0.145812,
        "nauc_mrr_at_25_diff1": 0.494067,
        "nauc_mrr_at_50_max": 0.121271,
        "nauc_mrr_at_50_std": -0.146702,
        "nauc_mrr_at_50_diff1": 0.494392,
        "cv_recall_at_1": 0.69149,
        "cv_recall_at_5": 0.95213,
        "cv_recall_at_10": 0.98936,
        "cv_recall_at_25": 0.99468,
        "cv_recall_at_50": 1.0,
        "R_cap_at_1": 0.69149,
        "R_cap_at_5": 0.8656,
        "R_cap_at_10": 0.96789,
        "R_cap_at_25": 0.98971,
        "R_cap_at_50": 1.0,
        "main_score": 0.82179,
        "hf_subset": "LMEB_SciFact",
        "languages": [
          "eng-Latn"
        ]
      }
    ]
  },
  "evaluation_time": 0.43904900550842285,
  "kg_co2_emissions": null
}