{
  "dataset_revision": "1.0",
  "task_name": "LooGLE",
  "mteb_version": "2.3.0",
  "scores": {
    "test": [
      {
        "ndcg_at_1": 0.40418,
        "ndcg_at_5": 0.39434,
        "ndcg_at_10": 0.44895,
        "ndcg_at_25": 0.50807,
        "ndcg_at_50": 0.54247,
        "map_at_1": 0.1641,
        "map_at_5": 0.30746,
        "map_at_10": 0.34083,
        "map_at_25": 0.36504,
        "map_at_50": 0.3742,
        "recall_at_1": 0.1641,
        "recall_at_5": 0.42376,
        "recall_at_10": 0.54902,
        "recall_at_25": 0.72036,
        "recall_at_50": 0.84566,
        "accuracy": 0.1641,
        "precision_at_1": 0.40418,
        "precision_at_5": 0.22452,
        "precision_at_10": 0.14968,
        "precision_at_25": 0.08174,
        "precision_at_50": 0.04901,
        "mrr_at_1": 0.404178,
        "mrr_at_5": 0.520224,
        "mrr_at_10": 0.533209,
        "mrr_at_25": 0.540987,
        "mrr_at_50": 0.542158,
        "nauc_ndcg_at_1_max": 0.043127,
        "nauc_ndcg_at_1_std": -0.18617,
        "nauc_ndcg_at_1_diff1": 0.34115,
        "nauc_ndcg_at_5_max": 0.079912,
        "nauc_ndcg_at_5_std": -0.195382,
        "nauc_ndcg_at_5_diff1": 0.267557,
        "nauc_ndcg_at_10_max": 0.09251,
        "nauc_ndcg_at_10_std": -0.190041,
        "nauc_ndcg_at_10_diff1": 0.285216,
        "nauc_ndcg_at_25_max": 0.103734,
        "nauc_ndcg_at_25_std": -0.198222,
        "nauc_ndcg_at_25_diff1": 0.286,
        "nauc_ndcg_at_50_max": 0.099522,
        "nauc_ndcg_at_50_std": -0.202829,
        "nauc_ndcg_at_50_diff1": 0.287356,
        "nauc_map_at_1_max": 0.037541,
        "nauc_map_at_1_std": -0.143487,
        "nauc_map_at_1_diff1": 0.33704,
        "nauc_map_at_5_max": 0.075098,
        "nauc_map_at_5_std": -0.190425,
        "nauc_map_at_5_diff1": 0.279908,
        "nauc_map_at_10_max": 0.081728,
        "nauc_map_at_10_std": -0.19198,
        "nauc_map_at_10_diff1": 0.286376,
        "nauc_map_at_25_max": 0.086704,
        "nauc_map_at_25_std": -0.198344,
        "nauc_map_at_25_diff1": 0.286101,
        "nauc_map_at_50_max": 0.085993,
        "nauc_map_at_50_std": -0.200725,
        "nauc_map_at_50_diff1": 0.286367,
        "nauc_recall_at_1_max": 0.037541,
        "nauc_recall_at_1_std": -0.143487,
        "nauc_recall_at_1_diff1": 0.33704,
        "nauc_recall_at_5_max": 0.081703,
        "nauc_recall_at_5_std": -0.15924,
        "nauc_recall_at_5_diff1": 0.20851,
        "nauc_recall_at_10_max": 0.106441,
        "nauc_recall_at_10_std": -0.135342,
        "nauc_recall_at_10_diff1": 0.237037,
        "nauc_recall_at_25_max": 0.15033,
        "nauc_recall_at_25_std": -0.128395,
        "nauc_recall_at_25_diff1": 0.234997,
        "nauc_recall_at_50_max": 0.150047,
        "nauc_recall_at_50_std": -0.108442,
        "nauc_recall_at_50_diff1": 0.237216,
        "nauc_precision_at_1_max": 0.043127,
        "nauc_precision_at_1_std": -0.18617,
        "nauc_precision_at_1_diff1": 0.34115,
        "nauc_precision_at_5_max": 0.08496,
        "nauc_precision_at_5_std": -0.194167,
        "nauc_precision_at_5_diff1": 0.138143,
        "nauc_precision_at_10_max": 0.091699,
        "nauc_precision_at_10_std": -0.174538,
        "nauc_precision_at_10_diff1": 0.129507,
        "nauc_precision_at_25_max": 0.087585,
        "nauc_precision_at_25_std": -0.166578,
        "nauc_precision_at_25_diff1": 0.038306,
        "nauc_precision_at_50_max": 0.054802,
        "nauc_precision_at_50_std": -0.148398,
        "nauc_precision_at_50_diff1": -0.026167,
        "nauc_mrr_at_1_max": 0.043127,
        "nauc_mrr_at_1_std": -0.18617,
        "nauc_mrr_at_1_diff1": 0.34115,
        "nauc_mrr_at_5_max": 0.069283,
        "nauc_mrr_at_5_std": -0.204058,
        "nauc_mrr_at_5_diff1": 0.294265,
        "nauc_mrr_at_10_max": 0.071699,
        "nauc_mrr_at_10_std": -0.204919,
        "nauc_mrr_at_10_diff1": 0.301902,
        "nauc_mrr_at_25_max": 0.070573,
        "nauc_mrr_at_25_std": -0.2044,
        "nauc_mrr_at_25_diff1": 0.305075,
        "nauc_mrr_at_50_max": 0.069826,
        "nauc_mrr_at_50_std": -0.204022,
        "nauc_mrr_at_50_diff1": 0.304397,
        "cv_recall_at_1": 0.40418,
        "cv_recall_at_5": 0.7139,
        "cv_recall_at_10": 0.81017,
        "cv_recall_at_25": 0.92734,
        "cv_recall_at_50": 0.9673,
        "R_cap_at_1": 0.40418,
        "R_cap_at_5": 0.42661,
        "R_cap_at_10": 0.54927,
        "R_cap_at_25": 0.72036,
        "R_cap_at_50": 0.84566,
        "main_score": 0.44895,
        "hf_subset": "LongDepQA",
        "languages": [
          "eng-Latn"
        ]
      },
      {
        "ndcg_at_1": 0.55869,
        "ndcg_at_5": 0.70507,
        "ndcg_at_10": 0.72749,
        "ndcg_at_25": 0.74352,
        "ndcg_at_50": 0.74864,
        "map_at_1": 0.55869,
        "map_at_5": 0.66453,
        "map_at_10": 0.6738,
        "map_at_25": 0.67806,
        "map_at_50": 0.67881,
        "recall_at_1": 0.55869,
        "recall_at_5": 0.82573,
        "recall_at_10": 0.89493,
        "recall_at_25": 0.95951,
        "recall_at_50": 0.98616,
        "accuracy": 0.55869,
        "precision_at_1": 0.55869,
        "precision_at_5": 0.16515,
        "precision_at_10": 0.08949,
        "precision_at_25": 0.03838,
        "precision_at_50": 0.01972,
        "mrr_at_1": 0.558688,
        "mrr_at_5": 0.664531,
        "mrr_at_10": 0.673798,
        "mrr_at_25": 0.678063,
        "mrr_at_50": 0.678812,
        "nauc_ndcg_at_1_max": 0.102166,
        "nauc_ndcg_at_1_std": 0.009176,
        "nauc_ndcg_at_1_diff1": 0.659716,
        "nauc_ndcg_at_5_max": 0.088238,
        "nauc_ndcg_at_5_std": 0.020246,
        "nauc_ndcg_at_5_diff1": 0.630572,
        "nauc_ndcg_at_10_max": 0.097424,
        "nauc_ndcg_at_10_std": 0.040244,
        "nauc_ndcg_at_10_diff1": 0.63004,
        "nauc_ndcg_at_25_max": 0.099292,
        "nauc_ndcg_at_25_std": 0.033195,
        "nauc_ndcg_at_25_diff1": 0.637791,
        "nauc_ndcg_at_50_max": 0.099056,
        "nauc_ndcg_at_50_std": 0.030526,
        "nauc_ndcg_at_50_diff1": 0.635888,
        "nauc_map_at_1_max": 0.102166,
        "nauc_map_at_1_std": 0.009176,
        "nauc_map_at_1_diff1": 0.659716,
        "nauc_map_at_5_max": 0.092258,
        "nauc_map_at_5_std": 0.014122,
        "nauc_map_at_5_diff1": 0.6366,
        "nauc_map_at_10_max": 0.095998,
        "nauc_map_at_10_std": 0.02085,
        "nauc_map_at_10_diff1": 0.636727,
        "nauc_map_at_25_max": 0.096397,
        "nauc_map_at_25_std": 0.019151,
        "nauc_map_at_25_diff1": 0.638537,
        "nauc_map_at_50_max": 0.096374,
        "nauc_map_at_50_std": 0.018813,
        "nauc_map_at_50_diff1": 0.638318,
        "nauc_recall_at_1_max": 0.102166,
        "nauc_recall_at_1_std": 0.009176,
        "nauc_recall_at_1_diff1": 0.659716,
        "nauc_recall_at_5_max": 0.069782,
        "nauc_recall_at_5_std": 0.051646,
        "nauc_recall_at_5_diff1": 0.604428,
        "nauc_recall_at_10_max": 0.115051,
        "nauc_recall_at_10_std": 0.203513,
        "nauc_recall_at_10_diff1": 0.584148,
        "nauc_recall_at_25_max": 0.179346,
        "nauc_recall_at_25_std": 0.309217,
        "nauc_recall_at_25_diff1": 0.669134,
        "nauc_recall_at_50_max": 0.312266,
        "nauc_recall_at_50_std": 0.635915,
        "nauc_recall_at_50_diff1": 0.585527,
        "nauc_precision_at_1_max": 0.102166,
        "nauc_precision_at_1_std": 0.009176,
        "nauc_precision_at_1_diff1": 0.659716,
        "nauc_precision_at_5_max": 0.069782,
        "nauc_precision_at_5_std": 0.051646,
        "nauc_precision_at_5_diff1": 0.604428,
        "nauc_precision_at_10_max": 0.115051,
        "nauc_precision_at_10_std": 0.203513,
        "nauc_precision_at_10_diff1": 0.584148,
        "nauc_precision_at_25_max": 0.179346,
        "nauc_precision_at_25_std": 0.309217,
        "nauc_precision_at_25_diff1": 0.669134,
        "nauc_precision_at_50_max": 0.312266,
        "nauc_precision_at_50_std": 0.635915,
        "nauc_precision_at_50_diff1": 0.585527,