{
  "dataset_revision": "1.0",
  "task_name": "MLDR",
  "mteb_version": "2.3.0",
  "scores": {
    "test": [
      {
        "ndcg_at_1": 0.62,
        "ndcg_at_5": 0.77278,
        "ndcg_at_10": 0.79982,
        "ndcg_at_25": 0.80506,
        "ndcg_at_50": 0.80506,
        "map_at_1": 0.62,
        "map_at_5": 0.73017,
        "map_at_10": 0.74201,
        "map_at_25": 0.74355,
        "map_at_50": 0.74355,
        "recall_at_1": 0.62,
        "recall_at_5": 0.9,
        "recall_at_10": 0.98,
        "recall_at_25": 1.0,
        "recall_at_50": 1.0,
        "accuracy": 0.62,
        "precision_at_1": 0.62,
        "precision_at_5": 0.18,
        "precision_at_10": 0.098,
        "precision_at_25": 0.04,
        "precision_at_50": 0.02,
        "mrr_at_1": 0.62,
        "mrr_at_5": 0.730167,
        "mrr_at_10": 0.742012,
        "mrr_at_25": 0.743546,
        "mrr_at_50": 0.743546,
        "nauc_ndcg_at_1_max": 0.285743,
        "nauc_ndcg_at_1_std": 0.229548,
        "nauc_ndcg_at_1_diff1": 0.494447,
        "nauc_ndcg_at_5_max": 0.319209,
        "nauc_ndcg_at_5_std": 0.247503,
        "nauc_ndcg_at_5_diff1": 0.584368,
        "nauc_ndcg_at_10_max": 0.300811,
        "nauc_ndcg_at_10_std": 0.234964,
        "nauc_ndcg_at_10_diff1": 0.548892,
        "nauc_ndcg_at_25_max": 0.29015,
        "nauc_ndcg_at_25_std": 0.244922,
        "nauc_ndcg_at_25_diff1": 0.538601,
        "nauc_ndcg_at_50_max": 0.29015,
        "nauc_ndcg_at_50_std": 0.244922,
        "nauc_ndcg_at_50_diff1": 0.538601,
        "nauc_map_at_1_max": 0.285743,
        "nauc_map_at_1_std": 0.229548,
        "nauc_map_at_1_diff1": 0.494447,
        "nauc_map_at_5_max": 0.298138,
        "nauc_map_at_5_std": 0.250351,
        "nauc_map_at_5_diff1": 0.550379,
        "nauc_map_at_10_max": 0.290478,
        "nauc_map_at_10_std": 0.244813,
        "nauc_map_at_10_diff1": 0.53619,
        "nauc_map_at_25_max": 0.288092,
        "nauc_map_at_25_std": 0.246242,
        "nauc_map_at_25_diff1": 0.533798,
        "nauc_map_at_50_max": 0.288092,
        "nauc_map_at_50_std": 0.246242,
        "nauc_map_at_50_diff1": 0.533798,
        "nauc_recall_at_1_max": 0.285743,
        "nauc_recall_at_1_std": 0.229548,
        "nauc_recall_at_1_diff1": 0.494447,
        "nauc_recall_at_5_max": 0.472316,
        "nauc_recall_at_5_std": 0.216807,
        "nauc_recall_at_5_diff1": 0.81606,
        "nauc_recall_at_10_max": 0.638189,
        "nauc_recall_at_10_std": -0.141223,
        "nauc_recall_at_10_diff1": 0.869281,
        "nauc_recall_at_25_max": NaN,
        "nauc_recall_at_25_std": NaN,
        "nauc_recall_at_25_diff1": NaN,
        "nauc_recall_at_50_max": NaN,
        "nauc_recall_at_50_std": NaN,
        "nauc_recall_at_50_diff1": NaN,
        "nauc_precision_at_1_max": 0.285743,
        "nauc_precision_at_1_std": 0.229548,
        "nauc_precision_at_1_diff1": 0.494447,
        "nauc_precision_at_5_max": 0.472316,
        "nauc_precision_at_5_std": 0.216807,
        "nauc_precision_at_5_diff1": 0.81606,
        "nauc_precision_at_10_max": 0.638189,
        "nauc_precision_at_10_std": -0.141223,
        "nauc_precision_at_10_diff1": 0.869281,
        "nauc_precision_at_25_max": NaN,
        "nauc_precision_at_25_std": NaN,
        "nauc_precision_at_25_diff1": NaN,
        "nauc_precision_at_50_max": NaN,
        "nauc_precision_at_50_std": NaN,
        "nauc_precision_at_50_diff1": NaN,
        "nauc_mrr_at_1_max": 0.285743,
        "nauc_mrr_at_1_std": 0.229548,
        "nauc_mrr_at_1_diff1": 0.494447,
        "nauc_mrr_at_5_max": 0.298138,
        "nauc_mrr_at_5_std": 0.250351,
        "nauc_mrr_at_5_diff1": 0.550379,
        "nauc_mrr_at_10_max": 0.290478,
        "nauc_mrr_at_10_std": 0.244813,
        "nauc_mrr_at_10_diff1": 0.53619,
        "nauc_mrr_at_25_max": 0.288092,
        "nauc_mrr_at_25_std": 0.246242,
        "nauc_mrr_at_25_diff1": 0.533798,
        "nauc_mrr_at_50_max": 0.288092,
        "nauc_mrr_at_50_std": 0.246242,
        "nauc_mrr_at_50_diff1": 0.533798,
        "cv_recall_at_1": 0.62,
        "cv_recall_at_5": 0.9,
        "cv_recall_at_10": 0.98,
        "cv_recall_at_25": 1.0,
        "cv_recall_at_50": 1.0,
        "R_cap_at_1": 0.62,
        "R_cap_at_5": 0.9,
        "R_cap_at_10": 0.98,
        "R_cap_at_25": 1.0,
        "R_cap_at_50": 1.0,
        "main_score": 0.79982,
        "hf_subset": "MLDR",
        "languages": [
          "eng-Latn"
        ]
      }
    ]
  },
  "evaluation_time": 70.01476407051086,
  "kg_co2_emissions": null
}