{
  "dataset_revision": "1.0",
  "task_name": "PeerQA",
  "mteb_version": "2.3.0",
  "scores": {
    "test": [
      {
        "ndcg_at_1": 0.26471,
        "ndcg_at_5": 0.27041,
        "ndcg_at_10": 0.32465,
        "ndcg_at_25": 0.38616,
        "ndcg_at_50": 0.41699,
        "map_at_1": 0.16784,
        "map_at_5": 0.22284,
        "map_at_10": 0.25014,
        "map_at_25": 0.27165,
        "map_at_50": 0.27887,
        "recall_at_1": 0.16784,
        "recall_at_5": 0.28994,
        "recall_at_10": 0.42288,
        "recall_at_25": 0.61873,
        "recall_at_50": 0.72862,
        "accuracy": 0.16784,
        "precision_at_1": 0.26471,
        "precision_at_5": 0.11324,
        "precision_at_10": 0.09412,
        "precision_at_25": 0.05735,
        "precision_at_50": 0.03691,
        "mrr_at_1": 0.264706,
        "mrr_at_5": 0.336152,
        "mrr_at_10": 0.358234,
        "mrr_at_25": 0.371256,
        "mrr_at_50": 0.373326,
        "nauc_ndcg_at_1_max": -0.11691,
        "nauc_ndcg_at_1_std": -0.287002,
        "nauc_ndcg_at_1_diff1": 0.397988,
        "nauc_ndcg_at_5_max": -0.091073,
        "nauc_ndcg_at_5_std": -0.27313,
        "nauc_ndcg_at_5_diff1": 0.380709,
        "nauc_ndcg_at_10_max": -0.041082,
        "nauc_ndcg_at_10_std": -0.219398,
        "nauc_ndcg_at_10_diff1": 0.328567,
        "nauc_ndcg_at_25_max": -0.007782,
        "nauc_ndcg_at_25_std": -0.188507,
        "nauc_ndcg_at_25_diff1": 0.302983,
        "nauc_ndcg_at_50_max": 0.003633,
        "nauc_ndcg_at_50_std": -0.169646,
        "nauc_ndcg_at_50_diff1": 0.294389,
        "nauc_map_at_1_max": -0.071818,
        "nauc_map_at_1_std": -0.197915,
        "nauc_map_at_1_diff1": 0.424884,
        "nauc_map_at_5_max": -0.094475,
        "nauc_map_at_5_std": -0.251774,
        "nauc_map_at_5_diff1": 0.3965,
        "nauc_map_at_10_max": -0.065894,
        "nauc_map_at_10_std": -0.232559,
        "nauc_map_at_10_diff1": 0.366461,
        "nauc_map_at_25_max": -0.048362,
        "nauc_map_at_25_std": -0.217648,
        "nauc_map_at_25_diff1": 0.357328,
        "nauc_map_at_50_max": -0.044918,
        "nauc_map_at_50_std": -0.212451,
        "nauc_map_at_50_diff1": 0.354795,
        "nauc_recall_at_1_max": -0.071818,
        "nauc_recall_at_1_std": -0.197915,
        "nauc_recall_at_1_diff1": 0.424884,
        "nauc_recall_at_5_max": -0.119947,
        "nauc_recall_at_5_std": -0.284808,
        "nauc_recall_at_5_diff1": 0.335098,
        "nauc_recall_at_10_max": 0.002952,
        "nauc_recall_at_10_std": -0.137755,
        "nauc_recall_at_10_diff1": 0.22024,
        "nauc_recall_at_25_max": 0.107701,
        "nauc_recall_at_25_std": -0.018552,
        "nauc_recall_at_25_diff1": 0.099155,
        "nauc_recall_at_50_max": 0.162711,
        "nauc_recall_at_50_std": 0.073641,
        "nauc_recall_at_50_diff1": 0.023069,
        "nauc_precision_at_1_max": -0.11691,
        "nauc_precision_at_1_std": -0.287002,
        "nauc_precision_at_1_diff1": 0.397988,
        "nauc_precision_at_5_max": -0.025932,
        "nauc_precision_at_5_std": -0.280788,
        "nauc_precision_at_5_diff1": 0.211878,
        "nauc_precision_at_10_max": 0.112191,
        "nauc_precision_at_10_std": -0.077853,
        "nauc_precision_at_10_diff1": 0.013028,
        "nauc_precision_at_25_max": 0.246383,
        "nauc_precision_at_25_std": 0.10467,
        "nauc_precision_at_25_diff1": -0.096093,
        "nauc_precision_at_50_max": 0.268458,
        "nauc_precision_at_50_std": 0.208536,
        "nauc_precision_at_50_diff1": -0.151301,
        "nauc_mrr_at_1_max": -0.11691,
        "nauc_mrr_at_1_std": -0.287002,
        "nauc_mrr_at_1_diff1": 0.397988,
        "nauc_mrr_at_5_max": -0.088131,
        "nauc_mrr_at_5_std": -0.301001,
        "nauc_mrr_at_5_diff1": 0.376657,
        "nauc_mrr_at_10_max": -0.07683,
        "nauc_mrr_at_10_std": -0.275486,
        "nauc_mrr_at_10_diff1": 0.359089,
        "nauc_mrr_at_25_max": -0.082728,
        "nauc_mrr_at_25_std": -0.281377,
        "nauc_mrr_at_25_diff1": 0.360697,
        "nauc_mrr_at_50_max": -0.081933,
        "nauc_mrr_at_50_std": -0.280412,
        "nauc_mrr_at_50_diff1": 0.361812,
        "cv_recall_at_1": 0.26471,
        "cv_recall_at_5": 0.46324,
        "cv_recall_at_10": 0.625,
        "cv_recall_at_25": 0.81618,
        "cv_recall_at_50": 0.88971,
        "R_cap_at_1": 0.26471,
        "R_cap_at_5": 0.29449,
        "R_cap_at_10": 0.42339,
        "R_cap_at_25": 0.61873,
        "R_cap_at_50": 0.72862,
        "main_score": 0.32465,
        "hf_subset": "PeerQA",
        "languages": [
          "eng-Latn"
        ]
      }
    ]
  },
  "evaluation_time": 96.16349625587463,
  "kg_co2_emissions": null
}