{
  "dataset_revision": "1.0",
  "task_name": "Proced_mem_bench",
  "mteb_version": "2.3.0",
  "scores": {
    "test": [
      {
        "ndcg_at_1": 0.46667,
        "ndcg_at_5": 0.42912,
        "ndcg_at_10": 0.43638,
        "ndcg_at_25": 0.46062,
        "ndcg_at_50": 0.59005,
        "map_at_1": 0.02696,
        "map_at_5": 0.10393,
        "map_at_10": 0.18321,
        "map_at_25": 0.29241,
        "map_at_50": 0.3747,
        "recall_at_1": 0.02696,
        "recall_at_5": 0.12101,
        "recall_at_10": 0.29331,
        "recall_at_25": 0.5339,
        "recall_at_50": 0.80856,
        "accuracy": 0.02696,
        "precision_at_1": 0.46667,
        "precision_at_5": 0.41333,
        "precision_at_10": 0.4,
        "precision_at_25": 0.30133,
        "precision_at_50": 0.24133,
        "mrr_at_1": 0.466667,
        "mrr_at_5": 0.538889,
        "mrr_at_10": 0.570635,
        "mrr_at_25": 0.570635,
        "mrr_at_50": 0.574077,
        "nauc_ndcg_at_1_max": 0.189352,
        "nauc_ndcg_at_1_std": 0.535144,
        "nauc_ndcg_at_1_diff1": 0.515638,
        "nauc_ndcg_at_5_max": 0.349871,
        "nauc_ndcg_at_5_std": 0.690209,
        "nauc_ndcg_at_5_diff1": 0.574111,
        "nauc_ndcg_at_10_max": 0.238104,
        "nauc_ndcg_at_10_std": 0.605219,
        "nauc_ndcg_at_10_diff1": 0.525334,
        "nauc_ndcg_at_25_max": 0.181437,
        "nauc_ndcg_at_25_std": 0.423246,
        "nauc_ndcg_at_25_diff1": 0.642995,
        "nauc_ndcg_at_50_max": 0.174717,
        "nauc_ndcg_at_50_std": 0.573195,
        "nauc_ndcg_at_50_diff1": 0.627522,
        "nauc_map_at_1_max": 0.135331,
        "nauc_map_at_1_std": 0.367675,
        "nauc_map_at_1_diff1": 0.61352,
        "nauc_map_at_5_max": 0.266592,
        "nauc_map_at_5_std": 0.540762,
        "nauc_map_at_5_diff1": 0.722236,
        "nauc_map_at_10_max": 0.220993,
        "nauc_map_at_10_std": 0.503938,
        "nauc_map_at_10_diff1": 0.72325,
        "nauc_map_at_25_max": 0.217695,
        "nauc_map_at_25_std": 0.409779,
        "nauc_map_at_25_diff1": 0.672451,
        "nauc_map_at_50_max": 0.197915,
        "nauc_map_at_50_std": 0.460195,
        "nauc_map_at_50_diff1": 0.570816,
        "nauc_recall_at_1_max": 0.135331,
        "nauc_recall_at_1_std": 0.367675,
        "nauc_recall_at_1_diff1": 0.61352,
        "nauc_recall_at_5_max": 0.364363,
        "nauc_recall_at_5_std": 0.607623,
        "nauc_recall_at_5_diff1": 0.738582,
        "nauc_recall_at_10_max": -0.073988,
        "nauc_recall_at_10_std": 0.144179,
        "nauc_recall_at_10_diff1": 0.459905,
        "nauc_recall_at_25_max": -0.080077,
        "nauc_recall_at_25_std": 0.026635,
        "nauc_recall_at_25_diff1": 0.469004,
        "nauc_recall_at_50_max": -0.166888,
        "nauc_recall_at_50_std": 0.265836,
        "nauc_recall_at_50_diff1": 0.5943,
        "nauc_precision_at_1_max": 0.189352,
        "nauc_precision_at_1_std": 0.535144,
        "nauc_precision_at_1_diff1": 0.515638,
        "nauc_precision_at_5_max": 0.368551,
        "nauc_precision_at_5_std": 0.69949,
        "nauc_precision_at_5_diff1": 0.576234,
        "nauc_precision_at_10_max": 0.253077,
        "nauc_precision_at_10_std": 0.606575,
        "nauc_precision_at_10_diff1": 0.492814,
        "nauc_precision_at_25_max": 0.238689,
        "nauc_precision_at_25_std": 0.416476,
        "nauc_precision_at_25_diff1": 0.38806,
        "nauc_precision_at_50_max": 0.149843,
        "nauc_precision_at_50_std": 0.506267,
        "nauc_precision_at_50_diff1": 0.174796,
        "nauc_mrr_at_1_max": 0.189352,
        "nauc_mrr_at_1_std": 0.535144,
        "nauc_mrr_at_1_diff1": 0.515638,
        "nauc_mrr_at_5_max": 0.35695,
        "nauc_mrr_at_5_std": 0.708575,
        "nauc_mrr_at_5_diff1": 0.544218,
        "nauc_mrr_at_10_max": 0.307069,
        "nauc_mrr_at_10_std": 0.675629,
        "nauc_mrr_at_10_diff1": 0.551915,
        "nauc_mrr_at_25_max": 0.307069,
        "nauc_mrr_at_25_std": 0.675629,
        "nauc_mrr_at_25_diff1": 0.551915,
        "nauc_mrr_at_50_max": 0.313428,
        "nauc_mrr_at_50_std": 0.673833,
        "nauc_mrr_at_50_diff1": 0.548324,
        "cv_recall_at_1": 0.46667,
        "cv_recall_at_5": 0.66667,
        "cv_recall_at_10": 0.86667,
        "cv_recall_at_25": 0.86667,
        "cv_recall_at_50": 1.0,
        "R_cap_at_1": 0.46667,
        "R_cap_at_5": 0.41333,
        "R_cap_at_10": 0.45778,
        "R_cap_at_25": 0.54235,
        "R_cap_at_50": 0.80856,
        "main_score": 0.43638,
        "hf_subset": "easy",
        "languages": [
          "eng-Latn"
        ]
      },
      {
        "ndcg_at_1": 0.64286,
        "ndcg_at_5": 0.65606,
        "ndcg_at_10": 0.62007,
        "ndcg_at_25": 0.71532,
        "ndcg_at_50": 0.7756,
        "map_at_1": 0.08795,
        "map_at_5": 0.28367,
        "map_at_10": 0.40747,
        "map_at_25": 0.55565,
        "map_at_50": 0.60548,
        "recall_at_1": 0.08795,
        "recall_at_5": 0.33052,
        "recall_at_10": 0.48242,
        "recall_at_25": 0.78446,
        "recall_at_50": 0.90405,
        "accuracy": 0.08795,
        "precision_at_1": 0.64286,
        "precision_at_5": 0.64286,
        "precision_at_10": 0.50714,
        "precision_at_25": 0.37714,
        "precision_at_50": 0.23857,
        "mrr_at_1": 0.642857,
        "mrr_at_5": 0.755952,
        "mrr_at_10": 0.764881,
        "mrr_at_25": 0.764881,
        "mrr_at_50": 0.764881,
        "nauc_ndcg_at_1_max": 0.051505,
        "nauc_ndcg_at_1_std": 0.226339,
        "nauc_ndcg_at_1_diff1": -0.026549,
        "nauc_ndcg_at_5_max": 0.446207,
        "nauc_ndcg_at_5_std": 0.107138,
        "nauc_ndcg_at_5_diff1": -0.501349,
        "nauc_ndcg_at_10_max": 0.223106,
        "nauc_ndcg_at_10_std": -0.110783,
        "nauc_ndcg_at_10_diff1": -0.272098,
        "nauc_ndcg_at_25_max": 0.11651,
        "nauc_ndcg_at_25_std": -0.154441,
        "nauc_ndcg_at_25_diff1": -0.128825,
        "nauc_ndcg_at_50_max": 0.200512,
        "nauc_ndcg_at_50_std": -0.017053,
        "nauc_ndcg_at_50_diff1": -0.270237,
        "nauc_map_at_1_max": -0.371113,
        "nauc_map_at_1_std": -0.353259,
        "nauc_map_at_1_diff1": 0.129509,
        "nauc_map_at_5_max": -0.229147,
        "nauc_map_at_5_std": -0.494558,
        "nauc_map_at_5_diff1": -0.205232,
        "nauc_map_at_10_max": -0.078243,
        "nauc_map_at_10_std": -0.473567,
        "nauc_map_at_10_diff1": -0.23174,
        "nauc_map_at_25_max": 0.104498,
        "nauc_map_at_25_std": -0.239197,
        "nauc_map_at_25_diff1": -0.222656,
        "nauc_map_at_50_max": 0.171548,
        "nauc_map_at_50_std": -0.11166,
        "nauc_map_at_50_diff1": -0.269284,
        "nauc_recall_at_1_max": -0.371113,
        "nauc_recall_at_1_std": -0.353259,
        "nauc_recall_at_1_diff1": 0.129509,
        "nauc_recall_at_5_max": -0.230104,
        "nauc_recall_at_5_std": -0.57119,
        "nauc_recall_at_5_diff1": -0.1637,
        "nauc_recall_at_10_max": -0.121035,
        "nauc_recall_at_10_std": -0.562893,
        "nauc_recall_at_10_diff1": -0.148849,
        "nauc_recall_at_25_max": -0.04208,
        "nauc_recall_at_25_std": -0.327401,
        "nauc_recall_at_25_diff1": -2.8e-05,
        "nauc_recall_at_50_max": 0.110323,
        "nauc_recall_at_50_std": -0.095543,
        "nauc_recall_at_50_diff1": -0.228439,
        "nauc_precision_at_1_max": 0.051505,
        "nauc_precision_at_1_std": 0.226339,
        "nauc_precision_at_1_diff1": -0.026549,
        "nauc_precision_at_5_max": 0.576593,
        "nauc_precision_at_5_std": 0.102929,
        "nauc_precision_at_5_diff1": -0.616339,
        "nauc_precision_at_10_max": 0.491672,
        "nauc_precision_at_10_std": 0.121017,
        "nauc_precision_at_10_diff1": -0.24983,
        "nauc_precision_at_25_max": 0.50028,
        "nauc_precision_at_25_std": 0.620087,
        "nauc_precision_at_25_diff1": 0.033146,
        "nauc_precision_at_50_max": 0.380113,
        "nauc_precision_at_50_std": 0.663548,
        "nauc_precision_at_50_diff1": -0.07162,