{
  "dataset_revision": "1.0",
  "task_name": "QASPER",
  "mteb_version": "2.3.0",
  "scores": {
    "test": [
      {
        "ndcg_at_1": 0.30337,
        "ndcg_at_5": 0.42487,
        "ndcg_at_10": 0.48497,
        "ndcg_at_25": 0.54109,
        "ndcg_at_50": 0.55895,
        "map_at_1": 0.22808,
        "map_at_5": 0.35846,
        "map_at_10": 0.39106,
        "map_at_25": 0.41109,
        "map_at_50": 0.41571,
        "recall_at_1": 0.22808,
        "recall_at_5": 0.54296,
        "recall_at_10": 0.71515,
        "recall_at_25": 0.91179,
        "recall_at_50": 0.98489,
        "accuracy": 0.22808,
        "precision_at_1": 0.30337,
        "precision_at_5": 0.1597,
        "precision_at_10": 0.11079,
        "precision_at_25": 0.05999,
        "precision_at_50": 0.03375,
        "mrr_at_1": 0.303371,
        "mrr_at_5": 0.420649,
        "mrr_at_10": 0.441181,
        "mrr_at_25": 0.451424,
        "mrr_at_50": 0.452815,
        "nauc_ndcg_at_1_max": 0.051746,
        "nauc_ndcg_at_1_std": -0.012708,
        "nauc_ndcg_at_1_diff1": 0.26621,
        "nauc_ndcg_at_5_max": 0.043183,
        "nauc_ndcg_at_5_std": -0.010493,
        "nauc_ndcg_at_5_diff1": 0.242341,
        "nauc_ndcg_at_10_max": 0.039332,
        "nauc_ndcg_at_10_std": -0.005245,
        "nauc_ndcg_at_10_diff1": 0.243375,
        "nauc_ndcg_at_25_max": 0.057137,
        "nauc_ndcg_at_25_std": 0.005091,
        "nauc_ndcg_at_25_diff1": 0.251093,
        "nauc_ndcg_at_50_max": 0.057039,
        "nauc_ndcg_at_50_std": 0.000418,
        "nauc_ndcg_at_50_diff1": 0.242411,
        "nauc_map_at_1_max": 0.039568,
        "nauc_map_at_1_std": -0.020933,
        "nauc_map_at_1_diff1": 0.279203,
        "nauc_map_at_5_max": 0.037037,
        "nauc_map_at_5_std": -0.018979,
        "nauc_map_at_5_diff1": 0.249592,
        "nauc_map_at_10_max": 0.039977,
        "nauc_map_at_10_std": -0.010567,
        "nauc_map_at_10_diff1": 0.248191,
        "nauc_map_at_25_max": 0.047362,
        "nauc_map_at_25_std": -0.006146,
        "nauc_map_at_25_diff1": 0.252054,
        "nauc_map_at_50_max": 0.049303,
        "nauc_map_at_50_std": -0.005367,
        "nauc_map_at_50_diff1": 0.249917,
        "nauc_recall_at_1_max": 0.039568,
        "nauc_recall_at_1_std": -0.020933,
        "nauc_recall_at_1_diff1": 0.279203,
        "nauc_recall_at_5_max": 0.022984,
        "nauc_recall_at_5_std": -0.009617,
        "nauc_recall_at_5_diff1": 0.202919,
        "nauc_recall_at_10_max": 0.004572,
        "nauc_recall_at_10_std": 0.001388,
        "nauc_recall_at_10_diff1": 0.213764,
        "nauc_recall_at_25_max": 0.088344,
        "nauc_recall_at_25_std": 0.122239,
        "nauc_recall_at_25_diff1": 0.256131,
        "nauc_recall_at_50_max": 0.026356,
        "nauc_recall_at_50_std": 0.138487,
        "nauc_recall_at_50_diff1": -0.023653,
        "nauc_precision_at_1_max": 0.051746,
        "nauc_precision_at_1_std": -0.012708,
        "nauc_precision_at_1_diff1": 0.26621,
        "nauc_precision_at_5_max": 0.076876,
        "nauc_precision_at_5_std": 0.036217,
        "nauc_precision_at_5_diff1": 0.134399,
        "nauc_precision_at_10_max": 0.072387,
        "nauc_precision_at_10_std": 0.06552,
        "nauc_precision_at_10_diff1": 0.068002,
        "nauc_precision_at_25_max": 0.118035,
        "nauc_precision_at_25_std": 0.092561,
        "nauc_precision_at_25_diff1": 0.013775,
        "nauc_precision_at_50_max": 0.127442,
        "nauc_precision_at_50_std": 0.098648,
        "nauc_precision_at_50_diff1": -0.034914,
        "nauc_mrr_at_1_max": 0.051746,
        "nauc_mrr_at_1_std": -0.012708,
        "nauc_mrr_at_1_diff1": 0.26621,
        "nauc_mrr_at_5_max": 0.053437,
        "nauc_mrr_at_5_std": -0.009472,
        "nauc_mrr_at_5_diff1": 0.241297,
        "nauc_mrr_at_10_max": 0.051496,
        "nauc_mrr_at_10_std": -0.010405,
        "nauc_mrr_at_10_diff1": 0.244797,
        "nauc_mrr_at_25_max": 0.053595,
        "nauc_mrr_at_25_std": -0.008828,
        "nauc_mrr_at_25_diff1": 0.245816,
        "nauc_mrr_at_50_max": 0.052583,
        "nauc_mrr_at_50_std": -0.009955,
        "nauc_mrr_at_50_diff1": 0.245388,
        "cv_recall_at_1": 0.30337,
        "cv_recall_at_5": 0.63296,
        "cv_recall_at_10": 0.78727,
        "cv_recall_at_25": 0.94757,
        "cv_recall_at_50": 0.99401,
        "R_cap_at_1": 0.30337,
        "R_cap_at_5": 0.54838,
        "R_cap_at_10": 0.71581,
        "R_cap_at_25": 0.91188,
        "R_cap_at_50": 0.98489,
        "main_score": 0.48497,
        "hf_subset": "QASPER",
        "languages": [
          "eng-Latn"
        ]
      }
    ]
  },
  "evaluation_time": 410.1059651374817,
  "kg_co2_emissions": null
}