{
  "dataset_revision": "1.0",
  "task_name": "REALTALK",
  "mteb_version": "2.3.0",
  "scores": {
    "test": [
      {
        "ndcg_at_1": 0.25243,
        "ndcg_at_5": 0.3019,
        "ndcg_at_10": 0.32077,
        "ndcg_at_25": 0.3504,
        "ndcg_at_50": 0.38221,
        "map_at_1": 0.15906,
        "map_at_5": 0.24186,
        "map_at_10": 0.25415,
        "map_at_25": 0.26644,
        "map_at_50": 0.27318,
        "recall_at_1": 0.15906,
        "recall_at_5": 0.33768,
        "recall_at_10": 0.39715,
        "recall_at_25": 0.50225,
        "recall_at_50": 0.63093,
        "accuracy": 0.15906,
        "precision_at_1": 0.25243,
        "precision_at_5": 0.13592,
        "precision_at_10": 0.08544,
        "precision_at_25": 0.04583,
        "precision_at_50": 0.02951,
        "mrr_at_1": 0.252427,
        "mrr_at_5": 0.342233,
        "mrr_at_10": 0.351803,
        "mrr_at_25": 0.35697,
        "mrr_at_50": 0.360335,
        "nauc_ndcg_at_1_max": 0.206003,
        "nauc_ndcg_at_1_std": -0.267117,
        "nauc_ndcg_at_1_diff1": 0.369141,
        "nauc_ndcg_at_5_max": 0.309808,
        "nauc_ndcg_at_5_std": -0.191197,
        "nauc_ndcg_at_5_diff1": 0.353237,
        "nauc_ndcg_at_10_max": 0.305561,
        "nauc_ndcg_at_10_std": -0.191737,
        "nauc_ndcg_at_10_diff1": 0.386223,
        "nauc_ndcg_at_25_max": 0.312346,
        "nauc_ndcg_at_25_std": -0.147067,
        "nauc_ndcg_at_25_diff1": 0.377629,
        "nauc_ndcg_at_50_max": 0.287393,
        "nauc_ndcg_at_50_std": -0.136634,
        "nauc_ndcg_at_50_diff1": 0.360533,
        "nauc_map_at_1_max": 0.283009,
        "nauc_map_at_1_std": -0.193385,
        "nauc_map_at_1_diff1": 0.473623,
        "nauc_map_at_5_max": 0.34093,
        "nauc_map_at_5_std": -0.165951,
        "nauc_map_at_5_diff1": 0.390441,
        "nauc_map_at_10_max": 0.333498,
        "nauc_map_at_10_std": -0.174728,
        "nauc_map_at_10_diff1": 0.399865,
        "nauc_map_at_25_max": 0.335991,
        "nauc_map_at_25_std": -0.167748,
        "nauc_map_at_25_diff1": 0.399087,
        "nauc_map_at_50_max": 0.32745,
        "nauc_map_at_50_std": -0.167158,
        "nauc_map_at_50_diff1": 0.394615,
        "nauc_recall_at_1_max": 0.283009,
        "nauc_recall_at_1_std": -0.193385,
        "nauc_recall_at_1_diff1": 0.473623,
        "nauc_recall_at_5_max": 0.342542,
        "nauc_recall_at_5_std": -0.104588,
        "nauc_recall_at_5_diff1": 0.30993,
        "nauc_recall_at_10_max": 0.318933,
        "nauc_recall_at_10_std": -0.094531,
        "nauc_recall_at_10_diff1": 0.348889,
        "nauc_recall_at_25_max": 0.327483,
        "nauc_recall_at_25_std": 0.073519,
        "nauc_recall_at_25_diff1": 0.277435,
        "nauc_recall_at_50_max": 0.270279,
        "nauc_recall_at_50_std": 0.201294,
        "nauc_recall_at_50_diff1": 0.214856,
        "nauc_precision_at_1_max": 0.206003,
        "nauc_precision_at_1_std": -0.267117,
        "nauc_precision_at_1_diff1": 0.369141,
        "nauc_precision_at_5_max": 0.153492,
        "nauc_precision_at_5_std": -0.256222,
        "nauc_precision_at_5_diff1": 0.160711,
        "nauc_precision_at_10_max": 0.048549,
        "nauc_precision_at_10_std": -0.302333,
        "nauc_precision_at_10_diff1": 0.154491,
        "nauc_precision_at_25_max": 0.009897,
        "nauc_precision_at_25_std": -0.236749,
        "nauc_precision_at_25_diff1": 0.088635,
        "nauc_precision_at_50_max": -0.11195,
        "nauc_precision_at_50_std": -0.233311,
        "nauc_precision_at_50_diff1": -0.003399,
        "nauc_mrr_at_1_max": 0.206003,
        "nauc_mrr_at_1_std": -0.267117,
        "nauc_mrr_at_1_diff1": 0.369141,
        "nauc_mrr_at_5_max": 0.232489,
        "nauc_mrr_at_5_std": -0.246172,
        "nauc_mrr_at_5_diff1": 0.359114,
        "nauc_mrr_at_10_max": 0.230407,
        "nauc_mrr_at_10_std": -0.249174,
        "nauc_mrr_at_10_diff1": 0.373023,
        "nauc_mrr_at_25_max": 0.228864,
        "nauc_mrr_at_25_std": -0.240344,
        "nauc_mrr_at_25_diff1": 0.364942,
        "nauc_mrr_at_50_max": 0.229539,
        "nauc_mrr_at_50_std": -0.240646,
        "nauc_mrr_at_50_diff1": 0.363917,
        "cv_recall_at_1": 0.25243,
        "cv_recall_at_5": 0.50485,
        "cv_recall_at_10": 0.57282,
        "cv_recall_at_25": 0.65049,
        "cv_recall_at_50": 0.76699,
        "R_cap_at_1": 0.25243,
        "R_cap_at_5": 0.35065,
        "R_cap_at_10": 0.4004,
        "R_cap_at_25": 0.50225,
        "R_cap_at_50": 0.63093,
        "main_score": 0.32077,
        "hf_subset": "commonsense",
        "languages": [
          "eng-Latn"
        ]
      },
      {
        "ndcg_at_1": 0.18868,
        "ndcg_at_5": 0.23724,
        "ndcg_at_10": 0.27355,
        "ndcg_at_25": 0.31857,
        "ndcg_at_50": 0.34964,
        "map_at_1": 0.06672,
        "map_at_5": 0.16254,
        "map_at_10": 0.18261,
        "map_at_25": 0.2006,
        "map_at_50": 0.20796,
        "recall_at_1": 0.06672,
        "recall_at_5": 0.27673,
        "recall_at_10": 0.36697,
        "recall_at_25": 0.49503,
        "recall_at_50": 0.60394,
        "accuracy": 0.06672,
        "precision_at_1": 0.18868,
        "precision_at_5": 0.15472,
        "precision_at_10": 0.10604,
        "precision_at_25": 0.06083,
        "precision_at_50": 0.03887,
        "mrr_at_1": 0.188679,
        "mrr_at_5": 0.317296,
        "mrr_at_10": 0.332969,
        "mrr_at_25": 0.339468,
        "mrr_at_50": 0.341288,
        "nauc_ndcg_at_1_max": 0.011739,
        "nauc_ndcg_at_1_std": 0.020239,
        "nauc_ndcg_at_1_diff1": 0.085904,
        "nauc_ndcg_at_5_max": 0.142021,
        "nauc_ndcg_at_5_std": 0.066875,
        "nauc_ndcg_at_5_diff1": 0.146911,
        "nauc_ndcg_at_10_max": 0.173932,
        "nauc_ndcg_at_10_std": 0.090971,
        "nauc_ndcg_at_10_diff1": 0.149395,
        "nauc_ndcg_at_25_max": 0.176714,
        "nauc_ndcg_at_25_std": 0.109002,
        "nauc_ndcg_at_25_diff1": 0.134111,
        "nauc_ndcg_at_50_max": 0.193652,
        "nauc_ndcg_at_50_std": 0.114759,
        "nauc_ndcg_at_50_diff1": 0.148233,
        "nauc_map_at_1_max": 0.042477,
        "nauc_map_at_1_std": 0.004651,
        "nauc_map_at_1_diff1": 0.185585,
        "nauc_map_at_5_max": 0.145681,
        "nauc_map_at_5_std": 0.050245,
        "nauc_map_at_5_diff1": 0.152717,
        "nauc_map_at_10_max": 0.162277,
        "nauc_map_at_10_std": 0.061126,
        "nauc_map_at_10_diff1": 0.156071,
        "nauc_map_at_25_max": 0.162506,
        "nauc_map_at_25_std": 0.076565,
        "nauc_map_at_25_diff1": 0.149386,
        "nauc_map_at_50_max": 0.168423,
        "nauc_map_at_50_std": 0.078727,
        "nauc_map_at_50_diff1": 0.152463,
        "nauc_recall_at_1_max": 0.042477,
        "nauc_recall_at_1_std": 0.004651,
        "nauc_recall_at_1_diff1": 0.185585,
        "nauc_recall_at_5_max": 0.17371,
        "nauc_recall_at_5_std": 0.08207,
        "nauc_recall_at_5_diff1": 0.154525,
        "nauc_recall_at_10_max": 0.214171,
        "nauc_recall_at_10_std": 0.113184,
        "nauc_recall_at_10_diff1": 0.136805,
        "nauc_recall_at_25_max": 0.216867,
        "nauc_recall_at_25_std": 0.146814,
        "nauc_recall_at_25_diff1": 0.108459,
        "nauc_recall_at_50_max": 0.281248,
        "nauc_recall_at_50_std": 0.185298,
        "nauc_recall_at_50_diff1": 0.163383,
        "nauc_precision_at_1_max": 0.011739,
        "nauc_precision_at_1_std": 0.020239,
        "nauc_precision_at_1_diff1": 0.085904,
        "nauc_precision_at_5_max": 0.158988,
        "nauc_precision_at_5_std": 0.130364,
        "nauc_precision_at_5_diff1": 0.105394,
        "nauc_precision_at_10_max": 0.195921,
        "nauc_precision_at_10_std": 0.138964,
        "nauc_precision_at_10_diff1": 0.09262,
        "nauc_precision_at_25_max": 0.15607,
        "nauc_precision_at_25_std": 0.126446,
        "nauc_precision_at_25_diff1": 0.036489,
        "nauc_precision_at_50_max": 0.145824,
        "nauc_precision_at_50_std": 0.070125,
        "nauc_precision_at_50_diff1": 0.038787,