{
  "dataset_revision": "1.0",
  "task_name": "ToolBench",
  "mteb_version": "2.3.0",
  "scores": {
    "test": [
      {
        "ndcg_at_1": 0.54455,
        "ndcg_at_5": 0.51327,
        "ndcg_at_10": 0.54993,
        "ndcg_at_25": 0.58233,
        "ndcg_at_50": 0.60192,
        "map_at_1": 0.25585,
        "map_at_5": 0.4448,
        "map_at_10": 0.46628,
        "map_at_25": 0.47862,
        "map_at_50": 0.48289,
        "recall_at_1": 0.25585,
        "recall_at_5": 0.53703,
        "recall_at_10": 0.62477,
        "recall_at_25": 0.72611,
        "recall_at_50": 0.80435,
        "accuracy": 0.25585,
        "precision_at_1": 0.54455,
        "precision_at_5": 0.24255,
        "precision_at_10": 0.14282,
        "precision_at_25": 0.06702,
        "precision_at_50": 0.03736,
        "mrr_at_1": 0.544545,
        "mrr_at_5": 0.618924,
        "mrr_at_10": 0.62808,
        "mrr_at_25": 0.632617,
        "mrr_at_50": 0.633837,
        "nauc_ndcg_at_1_max": 0.457789,
        "nauc_ndcg_at_1_std": -0.053345,
        "nauc_ndcg_at_1_diff1": 0.499756,
        "nauc_ndcg_at_5_max": 0.457545,
        "nauc_ndcg_at_5_std": -0.109333,
        "nauc_ndcg_at_5_diff1": 0.389221,
        "nauc_ndcg_at_10_max": 0.47274,
        "nauc_ndcg_at_10_std": -0.117316,
        "nauc_ndcg_at_10_diff1": 0.380662,
        "nauc_ndcg_at_25_max": 0.486102,
        "nauc_ndcg_at_25_std": -0.120595,
        "nauc_ndcg_at_25_diff1": 0.381276,
        "nauc_ndcg_at_50_max": 0.487929,
        "nauc_ndcg_at_50_std": -0.114428,
        "nauc_ndcg_at_50_diff1": 0.38695,
        "nauc_map_at_1_max": 0.410499,
        "nauc_map_at_1_std": -0.08137,
        "nauc_map_at_1_diff1": 0.519562,
        "nauc_map_at_5_max": 0.440432,
        "nauc_map_at_5_std": -0.107328,
        "nauc_map_at_5_diff1": 0.388096,
        "nauc_map_at_10_max": 0.448463,
        "nauc_map_at_10_std": -0.113204,
        "nauc_map_at_10_diff1": 0.382788,
        "nauc_map_at_25_max": 0.454001,
        "nauc_map_at_25_std": -0.114975,
        "nauc_map_at_25_diff1": 0.38409,
        "nauc_map_at_50_max": 0.454173,
        "nauc_map_at_50_std": -0.113995,
        "nauc_map_at_50_diff1": 0.385497,
        "nauc_recall_at_1_max": 0.410499,
        "nauc_recall_at_1_std": -0.08137,
        "nauc_recall_at_1_diff1": 0.519562,
        "nauc_recall_at_5_max": 0.450856,
        "nauc_recall_at_5_std": -0.139022,
        "nauc_recall_at_5_diff1": 0.327535,
        "nauc_recall_at_10_max": 0.482127,
        "nauc_recall_at_10_std": -0.15262,
        "nauc_recall_at_10_diff1": 0.287695,
        "nauc_recall_at_25_max": 0.531299,
        "nauc_recall_at_25_std": -0.169865,
        "nauc_recall_at_25_diff1": 0.26333,
        "nauc_recall_at_50_max": 0.574803,
        "nauc_recall_at_50_std": -0.151437,
        "nauc_recall_at_50_diff1": 0.273974,
        "nauc_precision_at_1_max": 0.457789,
        "nauc_precision_at_1_std": -0.053345,
        "nauc_precision_at_1_diff1": 0.499756,
        "nauc_precision_at_5_max": 0.391833,
        "nauc_precision_at_5_std": -0.109175,
        "nauc_precision_at_5_diff1": 0.192552,
        "nauc_precision_at_10_max": 0.360984,
        "nauc_precision_at_10_std": -0.118939,
        "nauc_precision_at_10_diff1": 0.125768,
        "nauc_precision_at_25_max": 0.315155,
        "nauc_precision_at_25_std": -0.110964,
        "nauc_precision_at_25_diff1": 0.059704,
        "nauc_precision_at_50_max": 0.253194,
        "nauc_precision_at_50_std": -0.069962,
        "nauc_precision_at_50_diff1": 0.012298,
        "nauc_mrr_at_1_max": 0.457789,
        "nauc_mrr_at_1_std": -0.053345,
        "nauc_mrr_at_1_diff1": 0.499756,
        "nauc_mrr_at_5_max": 0.479332,
        "nauc_mrr_at_5_std": -0.067094,
        "nauc_mrr_at_5_diff1": 0.463466,
        "nauc_mrr_at_10_max": 0.48092,
        "nauc_mrr_at_10_std": -0.066046,
        "nauc_mrr_at_10_diff1": 0.463219,
        "nauc_mrr_at_25_max": 0.481597,
        "nauc_mrr_at_25_std": -0.065233,
        "nauc_mrr_at_25_diff1": 0.463364,
        "nauc_mrr_at_50_max": 0.481225,
        "nauc_mrr_at_50_std": -0.064589,
        "nauc_mrr_at_50_diff1": 0.463699,
        "cv_recall_at_1": 0.54455,
        "cv_recall_at_5": 0.73818,
        "cv_recall_at_10": 0.80636,
        "cv_recall_at_25": 0.87818,
        "cv_recall_at_50": 0.92,
        "R_cap_at_1": 0.54455,
        "R_cap_at_5": 0.53752,
        "R_cap_at_10": 0.62477,
        "R_cap_at_25": 0.72611,
        "R_cap_at_50": 0.80435,
        "main_score": 0.54993,
        "hf_subset": "ToolBench",
        "languages": [
          "eng-Latn"
        ]
      }
    ]
  },
  "evaluation_time": 799.661915063858,
  "kg_co2_emissions": null
}